unit_id,row_index,patch_name,prefix_patch,prefix_cdragon_version,champion_folder,slot,spell_path,text_field,locale,loc_key,status,mechanism,text_says,data_says,post_fix_change,reason
26.19-poppy-Q,0,26.19,16.18,16.18.8175716+branch.releases-16-18.content.release,poppy,Q,Characters/Poppy/Spells/PoppyQAbility/PoppyQ,keyTooltip,en_us,Spell_PoppyQ_Tooltip,excluded,not_visible_in_files,@BaseDamage@ plus @HealthDamagePercent@% max Health,no crit or Spellblade value; cap agrees,16.19 text unchanged,Clarification of scripted behavior; fix not in the 16.19 folder.
26.19-sona-E,1,26.19,16.18,16.18.8175716+branch.releases-16-18.content.release,sona,E,Characters/Sona/Spells/SonaEAbility/SonaE,keyTooltip,en_us,Spell_SonaE_Tooltip,excluded,not_visible_in_files,grants allied champions @TotalAllyMovementSpeed@ Move Speed,target filter scripted or hashed,16.19 unchanged,Scripted; fix not in 16.19.
26.19-aatrox-Q,3,26.19,16.18,16.18.8175716+branch.releases-16-18.content.release,aatrox,Q,Characters/Aatrox/Spells/AatroxQAbility/AatroxQ,keyTooltip,en_us,Spell_AatroxQ_Tooltip,excluded,not_text_vs_data,they take @QEdgeDamage@ instead,agrees; no crit claim,16.19 unchanged,Floating combat text in play.
26.18-akali-Q,4,26.18,16.17,16.17.8104348+branch.releases-16-17.content.release,akali,Q,Characters/Akali/Spells/AkaliQAbility/AkaliQ,keyTooltip,en_us,,excluded,not_champion_ability,,,no Akali text change,League Classic; cast indicator.
26.18-akali-R,5,26.18,16.17,16.17.8104348+branch.releases-16-17.content.release,akali,R,Characters/Akali/Spells/AkaliRAbility/AkaliR,keyTooltip,en_us,Spell_AkaliR_Tooltip,excluded,not_text_vs_data,,,not checked,"Cast indicator visual, not text; the tooltip states no range."
26.18-shaco-Q,6,26.18,16.17,16.17.8104348+branch.releases-16-17.content.release,shaco,Q,,,,,excluded,not_champion_ability,,,not checked,"ARAM: Mayhem augment (Clown College's Deceive): game-mode text, and a damage fix rather than a text fix. Shaco's own Q tooltip (Spell_ShacoQ_Tooltip) is the same in 16.17 and 16.18. A separate Jade string, Spell_ShacoQ_Jade_Tooltip, did change, but the 16.17 Q does not use it."
26.17-blitzcrank-P,7,26.17,16.16,16.16.8049184+branch.releases-16-16.content.release,blitzcrank,P,Characters/Blitzcrank/Spells/ManaBarrierIconAbility/ManaBarrierIcon,keyTooltip,en_us,Spell_ManaBarrierIcon_Tooltip,excluded,not_champion_ability,"Classic key types '20% Health', '50% of their current Mana'",main record agrees (HealthThreshold 0.3),Classic key rewritten in 16.17,League Classic mode (jade_* folders); main record unchanged.
26.17-heimerdinger-W,8,26.17,16.16,16.16.8049184+branch.releases-16-16.content.release,heimerdinger,W,Characters/Heimerdinger/Spells/HeimerdingerWAbility/HeimerdingerW,keyTooltip,en_us,Spell_HeimerdingerW_Tooltip,excluded,not_champion_ability,,,main record unchanged,League Classic; range indicator.
26.17-nidalee-W,9,26.17,16.16,16.16.8049184+branch.releases-16-16.content.release,nidalee,W,Characters/Nidalee/Spells/BushwhackAbility/Bushwhack,keyTooltip,en_us,Spell_Bushwhack_Tooltip,excluded,not_champion_ability,Classic key omits trap duration,Jade TrapDurationMins 4; main text says 2 minutes and agrees,Classic key adds 4 minutes in 16.17,League Classic mode.
26.17-anivia-Q,10,26.17,16.16,16.16.8049184+branch.releases-16-16.content.release,anivia,Q,Characters/Anivia/Spells/FlashFrostAbility/FlashFrost,keyTooltip,en_us,Spell_FlashFrost_Tooltip,excluded,not_champion_ability,Classic key omits slow duration,Jade SlowDuration 3,Classic key adds it in 16.17,League Classic mode.
26.17-kassadin-P,11,26.17,16.16,16.16.8049184+branch.releases-16-16.content.release,kassadin,P,Characters/Kassadin/Spells/VoidStoneAbility/VoidStone,keyTooltip,en_us,Spell_VoidStone_Tooltip,excluded,not_champion_ability,Classic key: '15% of magic damage taken',main passive has no attack speed effect,Classic key uses placeholders in 16.17,League Classic mode.
26.17-leesin-Q,12,26.17,16.16,16.16.8049184+branch.releases-16-16.content.release,leesin,Q,Characters/LeeSin/Spells/LeeSinQOneAbility/LeeSinQOne,keyTooltip,en_us,Spell_BlindMonkQOne_Tooltip,excluded,not_champion_ability,Classic key types '8%',,Classic key uses @MissingHealthDamage*100@ in 16.17,League Classic mode.
26.17-leona-Q,13,26.17,16.16,16.16.8049184+branch.releases-16-16.content.release,leona,Q,Characters/Leona/Spells/LeonaShieldOfDaybreakAbility/LeonaShieldOfDaybreak,keyTooltip,en_us,Spell_LeonaShieldOfDaybreak_Tooltip,excluded,not_champion_ability,Classic key types '1.25 seconds',main StunDuration 1 agrees,Classic key uses @StunDuration@ in 16.17,League Classic mode.
26.17-soraka-W,14,26.17,16.16,16.16.8049184+branch.releases-16-16.content.release,soraka,W,Characters/Soraka/Spells/SorakaWAbility/SorakaW,keyTooltip,en_us,Spell_SorakaW_Tooltip,excluded,not_champion_ability,Classic key types 'for 3 seconds',Jade BuffDuration 5; main W has no armor buff,Classic key uses @BuffDuration@ in 16.17,League Classic mode.
26.17-none-any-r15,15,26.17,16.16,16.16.8049184+branch.releases-16-16.content.release,,,,,,,excluded,not_champion_ability,,,not checked,Generic League Classic line; no champion named.
26.17-none-any-r16,16,26.17,16.16,16.16.8049184+branch.releases-16-16.content.release,,,,,,,excluded,not_champion_ability,,,not checked,League Classic runes.
26.12-nilah-any,20,26.12,16.11,16.11.7829736+branch.releases-16-11.content.release,nilah,,,,,,excluded,not_champion_ability,,,not checked,Arena Contract Killer display.
26.10-garen-P,21,26.10,16.9,16.9.7728292+branch.releases-16-9.content.release,garen,P,,,,,excluded,not_champion_ability,,,not checked,Arena Guest of Honor named after Garen's passive: game-mode text. Garen's own passive text is the same in 16.9 and 16.11.
26.10-hwei-any,22,26.10,16.9,16.9.7728292+branch.releases-16-9.content.release,hwei,,,,,,excluded,not_champion_ability,,,not checked,Arena Guest of Honor named after Hwei (Blank Canvas is not one of his abilities): game-mode text.
26.9-seraphine-Q,25,26.9,16.8,16.8.7668562+branch.releases-16-8.content.release,seraphine,Q,Characters/Seraphine/Spells/SeraphineQAbility/SeraphineQ,keyTooltip,en_us,Spell_SeraphineQ_Tooltip,excluded,not_text_vs_data,,,not checked,Visual re-scripted to match hitbox.
26.6-none-any-r29,29,26.6,16.5,16.5.7527101+branch.releases-16-5.content.release,,,,,,,excluded,not_champion_ability,,,not checked,Item passive description spacing.
26.6-none-any-r30,30,26.6,16.5,16.5.7527101+branch.releases-16-5.content.release,,,,,,,excluded,not_champion_ability,,,not checked,Game-mode augment.
26.6-none-any-r31,31,26.6,16.5,16.5.7527101+branch.releases-16-5.content.release,,,,,,,excluded,not_champion_ability,,,not checked,Item/augment upgrade; live gold counter.
26.1-none-any-r40,40,26.1,15.24,15.24.7347485+branch.releases-15-24.content.release,,,,,,,excluded,not_champion_ability,,,not checked,Elemental Drake buff.
26.1-none-any-r41,41,26.1,15.24,15.24.7347485+branch.releases-15-24.content.release,,,,,,,excluded,not_champion_ability,,,not checked,Jungle buff camps.
26.1-none-any-r42,42,26.1,15.24,15.24.7347485+branch.releases-15-24.content.release,,,,,,,excluded,not_champion_ability,,,not checked,Turret item tooltips.
26.1-none-any-r43,43,26.1,15.24,15.24.7347485+branch.releases-15-24.content.release,,,,,,,excluded,not_champion_ability,,,not checked,Turret true sight range.
26.1-zeri-W,44,26.1,15.24,15.24.7347485+branch.releases-15-24.content.release,zeri,W,Characters/Zeri/Spells/ZeriWAbility/ZeriW,keyTooltip,en_us,Spell_ZeriW_Tooltip,not_confirmed,wording,laser ... Critically Strikes champions and monsters,"TotalDamage; CritMult 1.75, the critical strike the text names",16.1 adds @WallDamage@ and a crit line,"The line says the tooltip now shows the enhanced damage, a change to what it shows, so it is checked like a fix. The 15.24 text already says the laser critically strikes champions and monsters, and the data names that value as CritMult 1.75. The fix added a number for an effect the text already stated, so text and data agree."
26.1-akshan-E,45,26.1,15.24,15.24.7347485+branch.releases-15-24.content.release,akshan,E,Characters/Akshan/Spells/AkshanEAbility/AkshanE,keyTooltip,en_us,Spell_AkshanE_Tooltip,not_confirmed,wording,@ASModDamageToDeal@ physical damage per shot,placeholder already includes AS scaling,16.1 adds the AS line,Riot words it as a clarification ('Clarified that damage scales with attack speed'). The text agrees with the 15.24 data anyway: the placeholder already includes the attack speed scaling.
26.1-tryndamere-Q,46,26.1,15.24,15.24.7347485+branch.releases-15-24.content.release,tryndamere,Q,Characters/Tryndamere/Spells/TryndamereQAbility/TryndamereQ,keyTooltip,en_us,Spell_TryndamereQ_Tooltip,not_confirmed,wording,restoring @BaseHeal@ plus @HealPerFury@ Health per Fury,from data,16.1 adds a max heal,Riot words it as a clarification ('Clarified the per-fury and maximum heal'). The text agrees with the 15.24 data anyway.
26.1-none-any-r50,50,26.1,15.24,15.24.7347485+branch.releases-15-24.content.release,,,,,,,excluded,not_champion_ability,,,not checked,Community Pact and reporting UI.
26.1-kayn-R,52,26.1,15.24,15.24.7347485+branch.releases-15-24.content.release,kayn,R,Characters/Kayn/Spells/KaynRAbility/KaynR,keyTooltip,en_us,Spell_KaynR_Tooltip,excluded,level_up_list_only,form texts show @Damage@ and @SlayerDamage@,from data,16.1: level-up list adds a Damage row,The fix only added a row to the level-up list; the checked text did not change.
25.24-viktor-Q,53,25.24,15.23,15.23.7283286+branch.releases-15-23.content.release,viktor,Q,Characters/Viktor/Spells/ViktorQAbility/ViktorQ,keyTooltip,en_us,game_spell_tooltip_ViktorPowerTransfer,not_confirmed,tooltip_calc,Upgraded: Grants @TotalAugmentedShieldValue@ Shield (+29% AP),tooltip-only 0.29 AP vs real 0.18 x 1.6 = 0.288,"15.24: calc derived from data, with a shield buff",Rounding only; the fix kept the value from going stale.
25.23-jhin-P,56,25.23,15.22,15.22.7245161+branch.releases-15-22.content.release,jhin,P,Characters/Jhin/Spells/JhinPassiveAbility/JhinPassive,keyTooltip,en_us,Spell_JhinPassive_Tooltip,excluded,not_text_vs_data,,,no change seen,Designer joke about a balance change.
25.23-ornn-W-r57,57,25.23,15.22,15.22.7245161+branch.releases-15-22.content.release,ornn,W,Characters/Ornn/Spells/OrnnWAbility/OrnnW,keyTooltip,en_us,Spell_OrnnW_Tooltip,excluded,same_bug_as_other_row,,,see row 58,Designer context for row 58.
25.23-ornn-W-r58,58,25.23,15.22,15.22.7245161+branch.releases-15-22.content.release,ornn,W,Characters/Ornn/Spells/OrnnWAbility/OrnnW,keyTooltipExtendedBelowLine,en_us,Spell_OrnnW_TooltipExtendedBelowLine,excluded,level_up_list_only,minimum of @TotalMinimumDamage@ ... max of @TotalMonsterDamageCap@,both derived from data,15.23: level-up list rows added,The fix only added rows to the level-up list; the checked text did not change.
25.19-ambessa-P,68,25.19,15.18,15.18.7102811+branch.releases-15-18.content.release,ambessa,P,{3f70c67a},keyTooltip,en_us,Spell_AmbessaP_Tooltip,excluded,not_text_vs_data,,,no change seen,Debug text on the buff bar.
25.19-none-any-r69,69,25.19,15.18,15.18.7102811+branch.releases-15-18.content.release,,,,,,,excluded,not_champion_ability,,,not checked,Custom Game enemy frames.
25.19-none-any-r70,70,25.19,15.18,15.18.7102811+branch.releases-15-18.content.release,,,,,,,excluded,not_champion_ability,,,not checked,League Voice tooltip.
25.17-aurora-R,72,25.17,15.16,15.16.7067476+branch.releases-15-16.content.release,aurora,R,Characters/Aurora/Spells/AuroraRAbility/AuroraR,keyTooltip,en_us,Spell_AuroraR_Tooltip,excluded,not_visible_in_files,"stays active for @AreaDuration@ seconds, granting Realm Hopper",no Realm Hopper duration in 15.16,15.17 adds 'for the same duration'; RBuffDuration appears in 15.18,True duration lived in scripts.
25.15-illaoi-P,73,25.15,15.14,15.14.6972104+branch.releases-15-14.content.release,illaoi,P,Characters/Illaoi/Spells/IllaoiPassiveAbility/IllaoiPassive,keyTooltip,en_us,Spell_IllaoiPassive_Tooltip,not_confirmed,tooltip_calc,Slam deals @SlamDamageTotalTooltip@ physical damage,base slam damage agrees; Q states its amp separately,15.15 uses Q's amplified total,"The text agrees with the data: the slam's base damage matches, and Q's own text states its damage increase. The fix folds Q's increase into the passive's number."
25.15-illaoi-Q,74,25.15,15.14,15.14.6972104+branch.releases-15-14.content.release,illaoi,Q,Characters/Illaoi/Spells/IllaoiQAbility/IllaoiQ,keyTooltip,en_us,Spell_IllaoiQ_Tooltip,excluded,not_text_vs_data,(currently @f1@ physical damage),f1 is a run-time variable,15.15 replaces @f1@,Live value.
25.15-yunara-W,75,25.15,15.14,15.14.6972104+branch.releases-15-14.content.release,yunara,W,Characters/Yunara/Spells/YunaraWAbility/YunaraW,keyTooltipExtended,zh_cn,Spell_YunaraW_TooltipExtended,confirmed,translation,zh_cn: 在@Calc_Slow@秒里持续衰减的@Slow_Duration@减速 (slow and duration swapped),"Calc_Slow 99%, Slow_Duration 1.5 s",15.15 zh_cn swaps them back,Chinese only; English and the zh_cn keyTooltip are right.
25.12-rammus-W-r76,76,25.12,15.11,15.11.6855259+branch.releases-15-11.content.release,rammus,W,Characters/Rammus/Spells/DefensiveBallCurlAbility/DefensiveBallCurl,keyTooltip,en_us,Spell_DefensiveBallCurl_Tooltip,not_confirmed,wording,@F1@ Armor and @F2@ Magic Resist,F1/F2 are run-time variables,15.12 rework uses calcs,No stated amount to compare.
25.12-rammus-W-r77,77,25.12,15.11,15.11.6855259+branch.releases-15-11.content.release,rammus,W,Characters/Rammus/Spells/DefensiveBallCurlAbility/DefensiveBallCurl,keyTooltip,en_us,Spell_DefensiveBallCurl_Tooltip,excluded,not_text_vs_data,,,15.12 rework adds a damage line,Blank tooltip while active: in-play display.
25.11-garen-W-r78,78,25.11,15.10,15.10.6804378+branch.releases-15-10.content.release,garen,W,Characters/Garen/Spells/GarenWAbility/GarenW,keyTooltip,en_us,Spell_GarenW_Tooltip,not_confirmed,wording,grants @ResistGainOnKill@ Armor ... up to @ResistMax@,all agree,15.11 rework rewrites text,Clarity rewrite with a balance change.
25.11-garen-W-r79,79,25.11,15.10,15.10.6804378+branch.releases-15-10.content.release,garen,W,Characters/Garen/Spells/GarenWAbility/GarenW,keyTooltip,en_us,Spell_GarenW_Tooltip,excluded,not_champion_ability,,,not checked,ARAM bugfix: game-mode text.
25.10-gangplank-P,81,25.10,15.9,15.9.6781456+branch.releases-15-9.content.release,gangplank,P,Characters/Gangplank/Spells/GangplankPassiveAbility/GangplankPassive,keyTooltip,en_us,Spell_GangplankPassive_Tooltip,excluded,not_text_vs_data,no cooldown number,Cooldown 15,no change seen,"A client-side display issue: the note says the tooltip's cooldown values were not working, while text and data agree and nothing changed in the files."
25.10-nocturne-P,81,25.10,15.9,15.9.6781456+branch.releases-15-9.content.release,nocturne,P,Characters/Nocturne/Spells/NocturnePAbility/NocturneP,keyTooltip,en_us,Spell_NocturneP_Tooltip,excluded,not_text_vs_data,Every @Cooldown@ seconds,Cooldown 13 = cooldownTime 13,no change seen,"A client-side display issue: the note says the tooltip's cooldown values were not working, while text and data agree and nothing changed in the files."
25.10-zac-P,81,25.10,15.9,15.9.6781456+branch.releases-15-9.content.release,zac,P,Characters/Zac/Spells/ZacPassiveChunkDropAbility/ZacPassiveChunkDrop,keyTooltip,en_us,Spell_ZacPassiveChunkDrop_Tooltip,excluded,not_text_vs_data,@ReviveCooldown@ second Cooldown,300 = cooldownTime 300,no change seen,"A client-side display issue: the note says the tooltip's cooldown values were not working, while text and data agree and nothing changed in the files."
25.07-yone-E,87,25.07,15.6,15.6.6682516+branch.releases-15-6.content.release,yone,E,Characters/Yone/Spells/YoneEAbility/YoneE,keyTooltip,en_us,Spell_YoneE_Tooltip,excluded,not_visible_in_files,repeats @DeathmarkPercent*100@% of all damage,no field on damage sources,15.7: 'all Attack and Ability damage',Scripted; a clarification.
25.07-gwen-R,88,25.07,15.6,15.6.6682516+branch.releases-15-6.content.release,gwen,R,Characters/Gwen/Spells/GwenRAbility/GwenR,keyTooltip,en_us,Spell_GwenR_Tooltip,excluded,not_text_vs_data,,,no change seen,Debug text sometimes showing: run-time display.
25.07-aurora-W,89,25.07,15.6,15.6.6682516+branch.releases-15-6.content.release,aurora,W,Characters/Aurora/Spells/AuroraWAbility/AuroraW,summary,en_us,spell_aurora_w_summary,excluded,not_text_vs_data,,,15.7: 'Move Speed',Capitalization in the unchecked summary.
25.07-varus-E,90,25.07,15.6,15.6.6682516+branch.releases-15-6.content.release,varus,E,Characters/Varus/Spells/VarusEAbility/VarusE,keyTooltip,en_us,Spell_VarusE_Tooltip,not_confirmed,wording,applying <keywordMajor>@GrievousAmount*100@% Grievous Wounds</keywordMajor>,all values agree,15.7 removes the tag in 8 locales,Formatting tag only.
25.07-neeko-P,91,25.07,15.6,15.6.6682516+branch.releases-15-6.content.release,neeko,P,Characters/Neeko/Spells/NeekoPassiveAbility/NeekoPassive,summary,en_us,spell_neekopassive_summary,excluded,not_text_vs_data,,,15.7 summary rewritten,"Shop/summary text, not a checked tooltip."
25.07-neeko-R,91,25.07,15.6,15.6.6682516+branch.releases-15-6.content.release,neeko,R,Characters/Neeko/Spells/NeekoRAbility/NeekoR,summary,en_us,spell_neekor_summary,excluded,not_text_vs_data,,,15.7 summary rewritten,"Shop/summary text, not a checked tooltip."
25.07-neeko-W,91,25.07,15.6,15.6.6682516+branch.releases-15-6.content.release,neeko,W,Characters/Neeko/Spells/NeekoWAbility/NeekoW,summary,en_us,spell_neekow_summary,excluded,not_text_vs_data,,,15.7 summary rewritten,"Shop/summary text, not a checked tooltip."
25.06-mel-E,92,25.06,15.5,15.5.6626652+branch.releases-15-5.content.release,mel,E,Characters/Mel/Spells/MelEAbility/MelE,keyTooltip,en_us,Spell_MelE_Tooltip,excluded,not_text_vs_data,,,no change seen,Debug text on the debuff bar: run-time display.
25.06-none-any,93,25.06,15.5,15.5.6626652+branch.releases-15-5.content.release,,,,,,,excluded,not_champion_ability,,,not checked,Nemesis Quest text.
25.05-mel-E,96,25.05,15.4,15.4.6575386+branch.releases-15-4.content.release,mel,E,Characters/Mel/Spells/MelEAbility/MelE,keyTooltip,en_us,Spell_MelE_Tooltip,excluded,not_text_vs_data,,,not checked,Debuff icon display in play.
25.04-lulu-P,99,25.04,15.3,15.3.6564086+branch.releases-15-3.content.release,lulu,P,Characters/Lulu/Spells/LuluPassiveAbility/LuluPassive,keyTooltip,en_us,Spell_LuluPassive_Tooltip,excluded,not_text_vs_data,,,not checked,Named only as the projectile source in the gameplay bug.
25.04-mel-W,99,25.04,15.3,15.3.6564086+branch.releases-15-3.content.release,mel,W,Characters/Mel/Spells/MelWAbility/MelW,keyTooltip,en_us,Spell_MelW_Tooltip,excluded,not_text_vs_data,,,not checked,Gameplay bug: W not reflecting Pix.
2025.S1.3-none-any-r100,100,2025.S1.3,15.2,15.2.6521536+branch.releases-15-2.content.release,,,,,,,excluded,not_champion_ability,,,not checked,Scoreboard KDA and bounty overlay.
2025.S1.3-none-any-r101,101,2025.S1.3,15.2,15.2.6521536+branch.releases-15-2.content.release,,,,,,,excluded,not_champion_ability,,,not checked,Void Grubs announcement spelling.
25.S1.2-malzahar-R,102,25.S1.2,15.1,15.1.6494112+branch.releases-15-1.content.release,malzahar,R,Characters/Malzahar/Spells/MalzaharRAbility/MalzaharR,keyTooltip,en_us,Spell_MalzaharR_Tooltip,not_confirmed,tooltip_calc,deals @TotalDamageTooltip@ magic damage over @Effect4Amount@ seconds,all agree,no change seen in 15.2,Slot came from the designer paragraph; the quote is about Voidlings.
25.S1.2-malzahar-W-r102,102,25.S1.2,15.1,15.1.6494112+branch.releases-15-1.content.release,malzahar,W,Characters/Malzahar/Spells/MalzaharWAbility/MalzaharW,keyTooltip,en_us,Spell_MalzaharW_Tooltip,excluded,same_bug_as_other_row,,,see row 103,Designer context for the row 103 fix.
25.S1.2-malzahar-W-r103,103,25.S1.2,15.1,15.1.6494112+branch.releases-15-1.content.release,malzahar,W,Characters/Malzahar/Spells/MalzaharWAbility/MalzaharW,keyTooltip,en_us,Spell_MalzaharW_Tooltip,confirmed,tooltip_calc,Voidlings ... deal an additional @VoidlingBonusDamageTooltip@ magic damage each hit (5-64.5 by level),calc leaves out VoidlingBaseDamage 12-20 by rank; the LevelUp list labels the same values (Effect2Amount) Voidling Bonus Damage,15.2: calc adds VoidlingBaseDamage (17-25 to 76.5-84.5); text unchanged,"The line says the tooltip was updated to show the total, a change to what it shows, so it is checked like a fix. The calc leaves out VoidlingBaseDamage, a named value that the spell's own level-up list labels Voidling Bonus Damage, so the files show it is part of the bonus damage."
14.23-rell-E,106,14.23,14.22,14.22.6354945+branch.releases-14-22.content.release,rell,E,Characters/Rell/Spells/RellEAbility/RellE,keyTooltip,en_us,Spell_RellE_Tooltip,excluded,not_text_vs_data,,,not checked,Same rework.
14.23-rell-W,106,14.23,14.22,14.22.6354945+branch.releases-14-22.content.release,rell,W,Characters/Rell/Spells/RellW_DismountAbility/RellW_Dismount,keyTooltip,en_us,Spell_RellW_Dismount_Tooltip,excluded,not_text_vs_data,,,not checked,Rework moving mounted speed to W.
14.21-camille-W,107,14.21,14.20,14.20.6236777+branch.releases-14-20.content.release,camille,W,Characters/Camille/Spells/CamilleWAbility/CamilleW,keyTooltipExtendedBelowLine,en_us,Spell_CamilleW_TooltipExtendedBelowLine,excluded,not_visible_in_files,@MonsterDamageReduction@% less damage to non-epic jungle monsters (no cap),no 300 cap in the 14.20 data,14.21 adds the cap line and value,The cap lived in scripts.
14.19-vladimir-W-r109,109,14.19,14.18,14.18.6182357+branch.releases-14-18.content.release,vladimir,W,Characters/Vladimir/Spells/VladimirSanguinePoolAbility/VladimirSanguinePool,keyTooltip,en_us,Spell_VladimirSanguinePool_Tooltip,excluded,same_bug_as_other_row,,,see row 110,Same Vladimir W change as row 110.
14.19-vladimir-W-r110,110,14.19,14.18,14.18.6182357+branch.releases-14-18.content.release,vladimir,W,Characters/Vladimir/Spells/VladimirSanguinePoolAbility/VladimirSanguinePool,keyTooltip,en_us,Spell_VladimirSanguinePool_Tooltip,excluded,not_visible_in_files,restores Health equal to @Effect5Amount@% of the damage dealt,no heal calc; pre vs post mitigation not in data,14.19: @TotalHeal@ per enemy,Scripted.
14.19-none-any,111,14.19,14.18,14.18.6182357+branch.releases-14-18.content.release,,,,,,,excluded,not_champion_ability,,,not checked,Item tooltip styling.
14.15-shyvana-E,114,14.15,14.14,14.14.6034237+branch.releases-14-14.content.release,shyvana,E,Characters/Shyvana/Spells/ShyvanaFireballAbility/ShyvanaFireball,keyTooltip,en_us,Spell_ShyvanaFireball_Tooltip,confirmed,tooltip_calc,dealing @DragonDamageTotalCalc@ magic damage over 4 seconds (270-540),DragonDamageTotalCalc (tooltip-only) = DragonDamagePerSecondCalc x GroundMarkDuration 4.5; the same sentence says 4 seconds,14.15: new GroundDurationForTooltipCalc 4.0 used (240-480),"The tooltip-only DragonDamageTotalCalc multiplies by GroundMarkDuration 4.5, while the same sentence types 4 seconds, so text and data disagree in 14.14. That fits both typed_number and tooltip_calc. The 14.15 fix changed the calc (a new 4.0 tooltip-only value) and left the typed 4, so by the tie-break it is tooltip_calc."
14.15-briar-E,116,14.15,14.14,14.14.6034237+branch.releases-14-14.content.release,briar,E,Characters/Briar/Spells/BriarEAbility/BriarE,keyTooltip,en_us,Spell_BriarE_Tooltip,excluded,not_champion_ability,,,not checked,Swarm game mode.
14.15-leona-R,117,14.15,14.14,14.14.6034237+branch.releases-14-14.content.release,leona,R,Characters/Leona/Spells/LeonaSolarFlareAbility/LeonaSolarFlare,keyTooltip,en_us,Spell_LeonaSolarFlare_Tooltip,excluded,not_champion_ability,,,not checked,Swarm game mode.
14.14-zyra-P,121,14.14,14.13,14.13.5989749+branch.releases-14-13.content.release,zyra,P,Characters/Zyra/Spells/ZyraPAbility/ZyraP,keyTooltip,en_us,game_buff_tooltip_ZyraP,excluded,not_visible_in_files,spawns Seeds ... every @SeedCooldown@ seconds,SeedCooldown 13.5 -0.25/level; no other timer,14.14: SeedCooldown changed; text unchanged,Real spawn timing lives in scripts.
14.14-hecarim-E,125,14.14,14.13,14.13.5989749+branch.releases-14-13.content.release,hecarim,E,Characters/Hecarim/Spells/HecarimRampAbility/HecarimRamp,keyTooltip,en_us,Spell_HecarimRamp_Tooltip,not_confirmed,tooltip_calc,between @MinDamage@ and @MaxDamage@,agree,14.14: cooldown change only,No mismatch visible.
14.14-hecarim-Q,125,14.14,14.13,14.13.5989749+branch.releases-14-13.content.release,hecarim,Q,Characters/Hecarim/Spells/HecarimRapidSlashAbility/HecarimRapidSlash,keyTooltip,en_us,Spell_HecarimRapidSlash_Tooltip,not_confirmed,tooltip_calc,increases its damage by @RampageBonusDamagePerc@% for @Effect6Amount@ seconds,"placeholders agree; Effect6 8 vs RampageDuration 6, never changed",no change seen through 14.18,Bug can't be located.
14.14-lulu-any,126,14.14,14.13,14.13.5989749+branch.releases-14-13.content.release,lulu,,,,,,excluded,not_champion_ability,,,not checked,"ARAM section: the Lulu sentence is designer context, and the tooltip fix is for starter items."
14.13-kalista-W,128,14.13,14.12,14.12.5944901+branch.releases-14-12.content.release,kalista,W,Characters/Kalista/Spells/KalistaWAbility/KalistaW,keyTooltip,en_us,Spell_KalistaW_Tooltip,excluded,not_visible_in_files,deals @Effect2Amount@% max Health magic damage,used values agree; unnamed Effect3/Effect6 can't be tied to a cap,14.13 adds a non-champion cap with new named data,Designer context for a rework; rules lived in scripts.
14.13-poppy-Q,129,14.13,14.12,14.12.5944901+branch.releases-14-12.content.release,poppy,Q,Characters/Poppy/Spells/PoppyQAbility/PoppyQ,keyTooltip,en_us,Spell_PoppyQ_Tooltip,excluded,not_champion_ability,@Effect5Amount@% max Health (9),HealthDamagePercent 9; Arena override 8,14.13: uses @HealthDamagePercent@,Wrong only in Arena: game-mode text.
14.13-ashe-P,130,14.13,14.12,14.12.5944901+branch.releases-14-12.content.release,ashe,P,Characters/Ashe/Spells/AshePassiveAbility/AshePassive,keyTooltip,en_us,Spell_AshePassive_Tooltip,excluded,not_champion_ability,Slow by @SlowAmount@ for 2 seconds (typed 2),SlowDuration 2.0; Arena override 1.5,14.13: typed 2 -> @SlowDuration@,Wrong only in Arena: game-mode text.
14.12-elise-E,137,14.12,14.11,14.11.5899418+branch.releases-14-11.content.release,elise,E,Characters/Elise/Spells/EliseSpiderEAbility/EliseSpiderE,keyTooltip (bug in EliseHumanE level-up list),en_us,Spell_EliseSpiderE_Tooltip,excluded,level_up_list_only,@spell.EliseSpiderE:Effect6Amount@% (40-100%),Effect6Amount 40-100; EliseHumanE LevelUp element applies multiplier 100 to it (shows 4000-10000%),14.12: that multiplier removed; text unchanged,The 100x multiplier sits in the EliseHumanE level-up list only; the checked keyTooltip shows 40-100% and agrees with Effect6Amount.
14.11-pantheon-W,138,14.11,14.10,14.10.5869705+branch.releases-14-10.content.release,pantheon,W,Characters/Pantheon/Spells/PantheonWAbility/PantheonW,keyTooltipExtendedBelowLine,en_us,Spell_PantheonW_TooltipExtendedBelowLine,excluded,not_visible_in_files,14.11: '... damage to Monsters',values named Monster*; no minion field,14.12: 'Minions and Monsters'; data unchanged,Mechanic did not exist in prefix 14.10; minion scope is scripted.
14.11-pantheon-R,139,14.11,14.10,14.10.5869705+branch.releases-14-10.content.release,pantheon,R,Characters/Pantheon/Spells/PantheonRAbility/PantheonR,keyTooltip,en_us,Spell_PantheonRJump_Tooltip,excluded,not_text_vs_data,deals @spell.PantheonQ:TapDamageCalc@ physical damage,Tap and Hold calcs equal in 14.10,14.11 switches to HoldDamageCalc with an AP balance change,Tooltip changed together with a balance change.
14.11-akshan-any,140,14.11,14.10,14.10.5869705+branch.releases-14-10.content.release,akshan,,,,,,excluded,not_champion_ability,,,not checked,ARAM balance section.
14.11-ezreal-any,140,14.11,14.10,14.10.5869705+branch.releases-14-10.content.release,ezreal,,,,,,excluded,not_champion_ability,,,not checked,ARAM balance section.
14.11-hwei-any,140,14.11,14.10,14.10.5869705+branch.releases-14-10.content.release,hwei,,,,,,excluded,not_champion_ability,,,not checked,ARAM balance section.
14.11-veigar-E,140,14.11,14.10,14.10.5869705+branch.releases-14-10.content.release,veigar,E,,,,,excluded,not_champion_ability,,,not checked,ARAM-only cooldown change; game changed to match an earlier tooltip edit.
14.10-reksai-Q,152,14.10,14.9,14.9.5802108+branch.releases-14-9.content.release,reksai,Q,Characters/RekSai/Spells/RekSaiQAbility/RekSaiQ,keyTooltip,en_us,Spell_RekSaiQ_Tooltip,excluded,not_champion_ability,,,no change seen,Arena bugfix; the Summoner's Rift record did not change.
14.8-jhin-any,153,14.8,14.7,14.7.5719528+branch.releases-14-7.content.release,jhin,,,,,,excluded,not_text_vs_data,,,not checked,Designer joke about buffs.
14.6-diana-P,154,14.6,14.5,14.5.5651230+branch.releases-14-5.content.release,diana,P,Characters/Diana/Spells/DianaPassiveAbility/DianaPassive,keyTooltip,en_us,Spell_DianaPassive_Tooltip,not_confirmed,typed_number,increased to @EmpoweredAS@ for 3 seconds (typed 3),14.5 prefix: BuffDuration 3.0 (agrees); 14.6: BuffDuration 5.0,14.7: '3' -> @BuffDuration@ (5),"The prefix folder 14.5 has BuffDuration 3.0, which agrees with the typed 3. The mismatch exists only in 14.6, after the balance change, so under the strict prefix-folder rule it is not confirmed."
14.5-reksai-any,155,14.5,14.4,14.4.5628237+branch.releases-14-4.content.release,reksai,,,,,,not_confirmed,wording,all 14.4 Rek'Sai text,no disagreement,14.5: style edits and text for new mechanics,"Riot words it as a clarity edit ('to improve clarity'), not a stated bug. No 14.4 text disagrees with the data either."
14.5-smolder-E,156,14.5,14.4,14.4.5628237+branch.releases-14-4.content.release,smolder,E,Characters/Smolder/Spells/SmolderEAbility/SmolderE,keyTooltip,en_us,Spell_SmolderE_Tooltip,excluded,not_visible_in_files,Smolder attacks the lowest Health enemy @TotalNumberOfAttacks@ times,whether bolts are attacks is not data,14.5: 'attacks' -> 'bombards',Scripted; called a clarification.
14.5-yorick-P,157,14.5,14.4,14.4.5628237+branch.releases-14-4.content.release,yorick,P,Characters/Yorick/Spells/YorickPassiveAbility/YorickPassive,keyTooltipExtended,en_us,Spell_YorickPassive_TooltipExtended,not_confirmed,wording,summoned units take @YorickGhoulMonsterReduction@% less damage from monsters,value 50 agrees; the names YorickGhoulMonsterReduction and YorickPassiveGhoulAOEReduction say Ghoul (Mist Walkers),14.5: listed under Mist Walkers only,"Riot words it as a clarification ('Tooltip clarified to state...'), so it is not a stated bug, even though the value names support the narrower text."
14.5-yorick-R,158,14.5,14.4,14.4.5628237+branch.releases-14-4.content.release,yorick,R,Characters/Yorick/Spells/YorickRAbility/YorickR,keyTooltipExtendedBelowLine,en_us,Spell_YorickR_TooltipExtendedBelowLine,excluded,not_visible_in_files,no lane-minion damage reduction,no 70% minion value in the data,14.5 adds typed '30% damage from lane minions',Missing effect not in the data.
14.4-none-any,162,14.4,14.3,14.3.5588314+branch.releases-14-3.content.release,,,,,,,excluded,not_champion_ability,,,not checked,Scoreboard not switching to extended tooltips.
14.4-briar-Q,163,14.4,14.3,14.3.5588314+branch.releases-14-3.content.release,briar,Q,Characters/Briar/Spells/BriarQAbility/BriarQ,keyTooltip,en_us,Spell_BriarQ_Tooltip,excluded,level_up_list_only,reducing @ShredPercent*100@% Armor and Magic Resist,one ShredPercent; LevelUp label 'Armor Reduction',14.4: LevelUp label -> 'Armor and Magic Resist Shred'; keyTooltip unchanged,The wrong 'Armor Reduction' label is in the level-up list only; the checked text already says Armor and Magic Resist.
14.2-none-any,164,14.2,14.1,14.1.5532414+branch.releases-14-1.content.release,,,,,,,excluded,not_champion_ability,,,not checked,Item tooltip trackers context.
14.2-chogath-R,165,14.2,14.1,14.1.5532414+branch.releases-14-1.content.release,chogath,R,Characters/Chogath/Spells/FeastAbility/Feast,keyTooltipExtended,en_us,Spell_Feast_TooltipExtended,excluded,not_visible_in_files,stacks grow size and max Health; no range,no range values in 14.1,14.2 adds range per stack with new data,Range growth lived in scripts; clarification.
14.2-swain-P,166,14.2,14.1,14.1.5532414+branch.releases-14-1.content.release,swain,P,Characters/Swain/Spells/SwainPassiveAbility/SwainPassive,keyTooltip,en_us,Spell_SwainPassive_Tooltip2,excluded,not_text_vs_data,Soul Fragments restore @PassiveHealPercent@ max Health,n/a,14.2 adds live counters @f1@/@f2@,Live counter added.
14.1-none-any-r167,167,14.1,13.24,13.24.5479214+branch.releases-13-24.content.release,,,,,,,excluded,not_champion_ability,,,not checked,Item design context.
14.1-none-any-r168,168,14.1,13.24,13.24.5479214+branch.releases-13-24.content.release,,,,,,,excluded,not_champion_ability,,,not checked,Trinket ward visuals.
13.23-none-any-r169,169,13.23,13.22,13.22.5419804+branch.releases-13-22.content.release,,,,,,,excluded,not_champion_ability,,,not checked,Turret gold reward tooltips.
13.23-none-any-r170,170,13.23,13.22,13.22.5419804+branch.releases-13-22.content.release,,,,,,,excluded,not_champion_ability,,,not checked,Turret item tooltip formatting.
13.22-janna-W,171,13.22,13.21,13.21.5394823+branch.releases-13-21.content.release,janna,W,Characters/Janna/Spells/SowTheWindAbility/SowTheWind,keyTooltip,en_us,Spell_SowTheWind_Tooltip,not_confirmed,wording,@TotalMS@% Move Speed ... @TotalSlow@% for @Effect4Amount@ seconds,all values agree; only a doubled % sign,13.22 kit update rewrites it,No prefix mismatch; the fix likely concerned the reworked tooltip.
13.21-ksante-Q,173,13.21,13.20,13.20.5369576+branch.releases-13-20.content.release,ksante,Q,Characters/KSante/Spells/KSanteQAbility/KSanteQ,keyTooltip,en_us,Spell_KSanteQ_Tooltip,not_confirmed,typed_number,All Out: This Ability's Cooldown is reduced by 25%,CooldownBonusAO 1 of 4 s; MinCDAO/MinCDBase about 24%,13.21: 'further reduced',Simplification; nothing contradicts 25%.
13.21-ksante-W,174,13.21,13.20,13.20.5369576+branch.releases-13-20.content.release,ksante,W,Characters/KSante/Spells/KSanteWAbility/KSanteW,keyTooltip,en_us,Spell_KSanteW_Tooltip,not_confirmed,wording,All Out ... only requires @AOMinDurationTOOLTIP@s of charge,all agree,13.21 reorders the sentence,Rewording; text agrees with data.
13.20-ksante-Q,175,13.20,13.19,13.19.5345972+branch.releases-13-19.content.release,ksante,Q,Characters/KSante/Spells/KSanteQAbility/KSanteQ,keyTooltipExtendedBelowLine,en_us,Spell_KSanteQ_TooltipExtendedBelowLine,excluded,not_text_vs_data,Cooldown is reduced by Bonus Armor and Magic Resist,n/a,13.20 adds live progress values,Live counter added.
13.19-briar-W,176,13.19,13.18,13.18.5304653+branch.releases-13-18.content.release,briar,W,Characters/Briar/Spells/BriarWAbility/BriarW,keyTooltipExtendedBelowLine,en_us,Spell_BriarW_TooltipExtendedBelowLine,excluded,not_visible_in_files,no mention of R's Blood Frenzy,no data field for the interaction,13.19 adds a clarifying sentence,Script interaction; clarification.
13.19-gangplank-R,177,13.19,13.18,13.18.5304653+branch.releases-13-18.content.release,gangplank,R,Characters/Gangplank/Spells/GangplankRAbility/GangplankR,keyTooltip,en_us,Spell_GangplankR_Tooltip,excluded,not_visible_in_files,"upgrade text in item strings 3902/3903 (30%, 60%)",no RaiseMoraleHaste or DeathsDaughterSlow before 13.20,"13.20: upgrade lines with placeholders (40, 75)",Designer note that tooltips lag a balance change; true values not in the files.
13.18-kayn-R,178,13.18,13.17,13.17.5290525+branch.releases-13-17.content.release,kayn,R,Characters/Kayn/Spells/KaynRAbility/KaynR,keyTooltip,en_us,spell_kayn_r_main_0,excluded,not_text_vs_data,Darkin Slayer: deals @SlayerDamage@ ... restores @HealValue@,Slayer values agree,no change seen,Balance change line.
13.17-none-any,179,13.17,13.16,13.16.5256443+branch.releases-13-16.content.release,,,,,,,excluded,not_champion_ability,,,not checked,Role description UI.
13.16-none-any,180,13.16,13.15,13.15.5241760+branch.releases-13-15.content.release,,,,,,,excluded,not_champion_ability,,,not checked,Surrender vote box.
13.15-gangplank-R,181,13.15,13.14,13.14.5227601+branch.releases-13-14.content.release,gangplank,R,,,,,excluded,not_champion_ability,,,not checked,Arena-only upgrade icons.
13.14-none-any,183,13.14,13.13,13.13.5180539+branch.releases-13-13.content.release,,,,,,,excluded,not_champion_ability,,,not checked,"Arena note that some level-up tooltips may be wrong in Arena: game-mode text, and no champion named."
13.6-none-any,185,13.6,13.5,13.5.4958836+branch.releases-13-5.content.release,,,,,,,excluded,not_champion_ability,,,not checked,Ranked duo lobby tooltip.
13.5-yuumi-Q,186,13.5,13.4,13.4.4941549+branch.releases-13-4.content.release,yuumi,Q,,,,,excluded,not_text_vs_data,,,not checked,13.5 rework description.
13.5-yuumi-R,187,13.5,13.4,13.4.4941549+branch.releases-13-4.content.release,yuumi,R,,,,,excluded,not_text_vs_data,,,not checked,13.5 rework description.
13.5-azir-any,188,13.5,13.4,13.4.4941549+branch.releases-13-4.content.release,azir,,,,,,excluded,not_text_vs_data,,,not checked,Range indicator drawn wrong in play.
13.4-jarvaniv-W,189,13.4,13.3,13.3.4916222+branch.releases-13-3.content.release,jarvaniv,W,Characters/JarvanIV/Spells/JarvanIVGoldenAegisAbility/JarvanIVGoldenAegis,keyTooltip,en_us,Spell_JarvanIVGoldenAegis_Tooltip,not_confirmed,tooltip_calc,granting him a @BaseShield@ Shield,"BaseShield = Effect1 + 0.8 bonus AD, not tooltip-only",13.4: coefficient 0.8 -> 0.7 (balance); text unchanged,The calc already includes the AD ratio. 13.3 files from a scratch download (repo 13.3 folder has no champions).
13.4-gangplank-R,192,13.4,13.3,13.3.4916222+branch.releases-13-3.content.release,gangplank,R,,,,,excluded,not_text_vs_data,,,not checked,Upgrade tooltips not appearing on hover.
13.4-aurelionsol-Q,193,13.4,13.3,13.3.4916222+branch.releases-13-3.content.release,aurelionsol,Q,Characters/AurelionSol/Spells/AurelionSolQAbility/AurelionSolQ,keyTooltipExtendedBelowLine,en_us,Spell_AurelionSolQ_TooltipExtendedBelowLine,excluded,not_visible_in_files,range and monster damage cap rules; no lockout,no lockout or cancel value in the data,13.4 adds a typed lockout sentence,The lockout lives in scripts. 13.3 files from a scratch download.
13.4-aurelionsol-any,194,13.4,13.3,13.3.4916222+branch.releases-13-3.content.release,aurelionsol,,,,,,excluded,not_text_vs_data,,,not checked,Descriptions missing from death recap.
13.3-aurelionsol-Q,196,13.3,13.1,13.1.4893737+branch.releases-13-1.content.release,aurelionsol,Q,Characters/AurelionSol/Spells/AurelionSolQAbility/AurelionSolQ,keyTooltip,en_us,Spell_AurelionSolQ_Tooltip,excluded,not_text_vs_data,creates a small star that grows,pre-rework Q,13.3 rework,"Rework description, not a fix."
13.3-aurelionsol-W,197,13.3,13.1,13.1.4893737+branch.releases-13-1.content.release,aurelionsol,W,,,,,excluded,not_text_vs_data,,,not checked,13.3 rework description.
13.3-aurelionsol-E,198,13.3,13.1,13.1.4893737+branch.releases-13-1.content.release,aurelionsol,E,,,,,excluded,not_text_vs_data,,,not checked,13.3 rework description.
13.3-none-any,199,13.3,13.1,13.1.4893737+branch.releases-13-1.content.release,,,,,,,excluded,not_champion_ability,,,not checked,Champion select tutorial tooltips.
13.3-neeko-P,201,13.3,13.1,13.1.4893737+branch.releases-13-1.content.release,neeko,P,,,,,excluded,not_text_vs_data,,,not checked,Gameplay bug: disguise dispelled.
13.3-udyr-E,201,13.3,13.1,13.1.4893737+branch.releases-13-1.content.release,udyr,E,,,,,excluded,not_text_vs_data,,,not checked,Named only as the disguise target in a gameplay bug.
13.3-mordekaiser-W,202,13.3,13.1,13.1.4893737+branch.releases-13-1.content.release,mordekaiser,W,Characters/Mordekaiser/Spells/MordekaiserWAbility/MordekaiserW,keyTooltip,en_us,Spell_MordekaiserW_Tooltip,excluded,not_visible_in_files,@DamageTakenConversion*100@% of the damage he takes (15%),DamageTakenConversion 0.15; no 7.5% value,13.3: 0.15 -> 0.075; text unchanged,Text and data agree; the halving lived in scripts.
13.3-garen-E,203,13.3,13.1,13.1.4893737+branch.releases-13-1.content.release,garen,E,Characters/Garen/Spells/GarenEAbility/GarenECancel,level-up list (not a checked field),en_us,Spell_GarenECancel_Tooltip,excluded,level_up_list_only,recast level-up rows 'Damage Per Spin' = @LvlUpTooltipBaseDamagePerTick@ (8-24),tooltip-only 8/12/16/20/24; real GarenE BaseDamagePerTick 4/8/12/16/20,13.3: GarenECancel LevelUp list emptied and its values removed,The mismatch is real but sits only in the recast's level-up rows; the checked keyTooltip reads 'Garen stops performing this Ability.' and is unchanged.
13.1B-none-any,205,13.1B,13.1,13.1.4893737+branch.releases-13-1.content.release,,,,,,,excluded,record_not_found,,,not checked,General 13.1B disclaimer; names no ability.
12.22-drmundo-any,206,12.22,12.21,12.21.4770420+branch.releases-12-21.content.release,drmundo,,,,,,not_confirmed,wording,all 12.21 placeholders,all resolve consistently,no change in English or 6 locales in 12.22,The note names no ability; no mismatch or change found.
12.22-blitzcrank-P,207,12.22,12.21,12.21.4770420+branch.releases-12-21.content.release,blitzcrank,P,Characters/Blitzcrank/Spells/ManaBarrierIconAbility/ManaBarrierIcon,keyTooltip,en_us,Spell_ManaBarrierIcon_Tooltip,excluded,not_text_vs_data,they gain %i:scaleMana% @ShieldAmount@ Shield,"ShieldAmount 15-45% of mana by level, same value before and after",12.22: calc restructured; scaling icons changed,Scaling breakdown not shown: a display issue.
12.21-nilah-Q,208,12.21,12.20,12.20.4748882+branch.releases-12-20.content.release,nilah,Q,{8b8b3a60},keyTooltip,en_us,Spell_NilahQ_Tooltip,excluded,not_text_vs_data,converted into a Shield for @ShieldDuration@ seconds,ShieldDuration 4,no change seen,The game was fixed to match a correct tooltip.
12.21-none-any,209,12.21,12.20,12.20.4748882+branch.releases-12-20.content.release,,,,,,,excluded,not_champion_ability,,,not checked,Removed settings option.
12.19-nasus-any,210,12.19,12.18,12.18.4683251+branch.releases-12-18.content.release,nasus,,,,,,excluded,not_text_vs_data,,,Nasus E text unchanged,Floating combat text not stacking.
12.19-none-any,211,12.19,12.18,12.18.4683251+branch.releases-12-18.content.release,,,,,,,excluded,not_champion_ability,,,not checked,Challenges tooltip in the Identity Customizer.
12.18-none-any,212,12.18,12.17,12.17.4674767+branch.releases-12-17.content.release,,,,,,,excluded,not_champion_ability,,,not checked,Challenges client tooltip.
12.17-none-any-r213,213,12.17,12.16,12.16.4624391+branch.releases-12-16.content.release,,,,,,,excluded,not_champion_ability,,,not checked,"Ultimate Spellbook: missing translations in Ult-ernate Summoner Spell tooltips, champion ultimates offered as summoner spells in that mode only: game-mode text."
12.17-none-any,214,12.17,12.16,12.16.4624391+branch.releases-12-16.content.release,,,,,,,excluded,not_champion_ability,,,not checked,Behavioral systems text.
12.17-jayce-any,215,12.17,12.16,12.16.4624391+branch.releases-12-16.content.release,jayce,,,,,,excluded,not_text_vs_data,,,no change seen,Values updating live with form: a display behavior; records identical 12.16 to 12.17.
12.17-nidalee-any,215,12.17,12.16,12.16.4624391+branch.releases-12-16.content.release,nidalee,,,,,,excluded,not_text_vs_data,,,no change seen,Same QoL change as Jayce; records identical.
12.16-rell-W,216,12.16,12.15,12.15.4581416+branch.releases-12-15.content.release,rell,W,Characters/Rell/Spells/RellW_DismountAbility/RellW_Dismount,keyTooltip,en_us,Spell_RellW_Dismount_Tooltip,excluded,not_text_vs_data,,,not checked,Buff icons not displaying: HUD bug.
12.16-teemo-R,217,12.16,12.15,12.15.4581416+branch.releases-12-15.content.release,teemo,R,Characters/Teemo/Spells/TeemoRCastAbility/TeemoRCast,keyTooltip,en_us,Spell_TeemoRCast_Tooltip,excluded,level_up_list_only,no text mentions mana; header uses @Cost@,mana 75/55/35 since 12.14; LevelUp list has no Cost element,12.16: Cost row added to the LevelUp list; text unchanged,"The fix only added a missing Cost row to the level-up list; no checked text changed. Row named no slot, R assigned from the files."
12.15-akali-R,218,12.15,12.14,12.14.4565556+branch.releases-12-14.content.release,akali,R,Characters/Akali/Spells/AkaliRAbility/AkaliR,keyTooltip,en_us,Spell_AkaliR_Tooltip,excluded,not_champion_ability,,,not checked,Ultimate Spellbook game mode; cooldown indicator display.
12.15-kaisa-R,219,12.15,12.14,12.14.4565556+branch.releases-12-14.content.release,kaisa,R,Characters/Kaisa/Spells/KaisaRAbility/KaisaR,keyTooltip,en_us,Spell_KaisaR_Tooltip,excluded,not_champion_ability,,,not checked,Ultimate Spellbook game mode; behavior changed.
12.15-none-any,220,12.15,12.14,12.14.4565556+branch.releases-12-14.content.release,,,,,,,excluded,not_champion_ability,,,not checked,"Ultimate Spellbook: missing translations in Ult-ernate Summoner Spell tooltips, champion ultimates offered as summoner spells in that mode only: game-mode text."
12.14-none-any-r221,221,12.14,12.13,12.13.4533037+branch.releases-12-13.content.release,,,,,,,excluded,not_champion_ability,,,not checked,Challenges introduction tooltip.
12.14-none-any-r222,222,12.14,12.13,12.13.4533037+branch.releases-12-13.content.release,,,,,,,excluded,not_champion_ability,,,not checked,Opponent summoner spell tooltips.
12.14-none-any-r224,224,12.14,12.13,12.13.4533037+branch.releases-12-13.content.release,,,,,,,excluded,not_champion_ability,,,not checked,Luden's item and live damage trackers.
12.14-jarvaniv-W,225,12.14,12.13,12.13.4533037+branch.releases-12-13.content.release,jarvaniv,W,Characters/JarvanIV/Spells/JarvanIVGoldenAegisAbility/JarvanIVGoldenAegis,keyTooltip,en_us,Spell_JarvanIVGoldenAegis_Tooltip,excluded,not_visible_in_files,granting him @TotalShield@ Shield for each enemy champion hit,one tooltip-only calc: Effect1 60-140 + 1.3% max health,12.14: base shield plus per-champion bonus,The per-champion rule lives in scripts.
12.13-ornn-P,228,12.13,12.12,12.12.4504196+branch.releases-12-12.content.release,ornn,P,Characters/Ornn/Spells/OrnnPAbility/OrnnP,keyTooltip,en_us,Spell_OrnnP_Tooltip,excluded,not_text_vs_data,,,no change seen,Forge progress bar showing wrong names: a HUD display.
12.13-ivern-R,229,12.13,12.12,12.12.4504196+branch.releases-12-12.content.release,ivern,R,Characters/Ivern/Spells/IvernRAbility/IvernR,keyTooltip,en_us,Spell_IvernR_Tooltip,excluded,not_visible_in_files,shockwave dealing @TotalDaisyAD@ magic damage (70/100/130 (+30% AP)),no 0.2 AP or +50% AP shockwave value in 12.12,12.13: @TotalDamage@ = (DaisyAD + 0.3 AP) + 0.2 AP,The missing 20% AP appears only in the after folder.
12.12-none-any-r230,230,12.12,12.11,12.11.4469344+branch.releases-12-11.content.release,,,,,,,excluded,not_champion_ability,,,not checked,Challenge description: client UI.
12.12-none-any-r231,231,12.12,12.11,12.11.4469344+branch.releases-12-11.content.release,,,,,,,excluded,not_champion_ability,,,not checked,Party lobby error text.
12.11-veigar-Q,232,12.11,12.10,12.10.4442068+branch.releases-12-10.content.release,veigar,Q,Characters/Veigar/Spells/VeigarBalefulStrikeAbility/VeigarBalefulStrike,keyTooltip,en_us,Spell_VeigarBalefulStrike_Tooltip,excluded,not_visible_in_files,"If Veigar kills an enemy with this Ability, he gains a stack",Effect3Amount 2; which kills count is scripted,no change seen in English or 21 sampled locales,Script behavior; no text change found.
12.10-none-any,234,12.10,12.9,12.9.4390127+branch.releases-12-9.content.release,,,,,,,excluded,record_not_found,,,not checked,'Several tooltips have been updated' names no champion or ability.
12.9-swain-any,235,12.9,12.8,12.8.4376765+branch.releases-12-8.content.release,swain,,,,,,excluded,not_text_vs_data,,,not checked,Old descriptions on the client Champion Details page.
12.9-ekko-Q,236,12.9,12.8,12.8.4376765+branch.releases-12-8.content.release,ekko,Q,Characters/Ekko/Spells/EkkoQAbility/EkkoQ,keyTooltip,en_us,Spell_EkkoQ_Tooltip,confirmed,tooltip_calc,throws a device dealing @InitialDamage@ magic damage (60-120 (+40% AP)),InitialDamage (tooltip-only) 0.4 AP; mSpell mCoefficient 0.3,12.9: calc 0.4 -> 0.3; no Ekko balance change,"Stale tooltip calc, present since at least 12.1."
12.7-leesin-Q,240,12.7,12.6,12.6.4321258+branch.releases-12-6.content.release,leesin,Q,Characters/LeeSin/Spells/BlindMonkQOneAbility/BlindMonkQOne,keyTooltip,en_us,Spell_BlindMonkQOne_Tooltip,not_confirmed,tooltip_calc,@InitialDamage@ ... between @RecastDamage@ to @EmpoweredDamage@,55-155 and 110-310 in both Q spells; agree,12.7: BlindMonkQOne nerfed to 50-150; BlindMonkQTwo stays 55-155,No mismatch in 12.6; the 12.7 split is after-folder evidence.
12.5-none-any,241,12.5,12.4,12.4.4232790+branch.releases-12-4.content.release,,,,,,,excluded,not_champion_ability,,,not checked,Teammates' item cooldown timers.
12.4-veigar-Q,242,12.4,12.3,12.3.4215967+branch.releases-12-3.content.release,veigar,Q,Characters/Veigar/Spells/VeigarBalefulStrike,keyTooltip,en_us,Spell_VeigarBalefulStrike_Tooltip,excluded,not_visible_in_files,"Champions, large minions and large jungle monsters grant @Effect3Amount@ additional stacks.","Effect2 1, Effect3 2; no unit-type field","12.4: 'Champions,' removed; values same",The unit-type rule lives in scripts.
12.4-none-any-r243,243,12.4,12.3,12.3.4215967+branch.releases-12-3.content.release,,,,,,,excluded,not_champion_ability,,,not checked,Summoner icon hover tooltips in the client.
12.4-kaisa-P,244,12.4,12.3,12.3.4215967+branch.releases-12-3.content.release,kaisa,P,Characters/Kaisa/Spells/KaisaPassiveAbility/KaisaPassive,keyTooltip,en_us,Spell_KaisaPassive_Tooltip,excluded,not_text_vs_data,@EvolutionTrackerQ@/@spell.KaisaQ:Effect6Amount@ Bonus Attack Damage,tracker calcs exist under hashed names and feed only live 'Current' counters,12.4: tracker placeholders become script variables; wording unchanged,Live counters. Verifier corrected the confirmer: the tracker calcs do exist (hashed).
12.4-none-any-r246,246,12.4,12.3,12.3.4215967+branch.releases-12-3.content.release,,,,,,,excluded,not_champion_ability,,,not checked,Dragon Soul scoreboard tooltip.
12.4-none-any-r247,247,12.4,12.3,12.3.4215967+branch.releases-12-3.content.release,,,,,,,excluded,not_champion_ability,,,not checked,Wardstone items; live ward counter.
12.3-kled-P,249,12.3,12.2,12.2.4191399+branch.releases-12-2.content.release,kled,P,Characters/Kled/Spells/KledPassiveAbility/KledPassive,keyTooltip,en_us,Spell_KledPassive_Tooltip,excluded,not_text_vs_data,,,not checked,Courage bar not updating after losing Skaarl: a live display.
12.2-none-any,250,12.2,12.1,12.1.4164011+branch.releases-12-1.content.release,,,,,,,excluded,not_champion_ability,,,not checked,ARURF game-mode announcement; no ability named.
11.23-none-any,253,11.23,11.22,11.22.4063587+branch.releases-11-22.content.release,,,,,,,excluded,not_champion_ability,,,not checked,Item and rune live stat trackers.
11.23-yorick-E,254,11.23,11.22,11.22.4063587+branch.releases-11-22.content.release,yorick,E,Characters/Yorick/Spells/YorickEAbility/YorickE,keyTooltip,en_us,Spell_YorickE_Tooltip,confirmed,wording,deals @Effect7Amount@% current Health magic damage (no minimum shown),"mSpell mCoefficient 0.7 (the spell AP ratio); Effect1 70-210, labeled Spell_ListType_MinimumDamage in the LevelUp list","11.23: '(min: @MinimumDamageBonus@)' = 0.7 AP + Effect1, tooltip-only","The line says the tooltip now displays its AP ratio, a change to what it shows, so it is checked like a fix. An omitted effect whose value is shown in the 11.22 data: the text gives no minimum damage or AP ratio, while the level-up list labels Effect1 Minimum Damage and the spell's mCoefficient is 0.7. The fix adds a minimum of 0.7 AP plus Effect1."
11.20-missfortune-P,255,11.20,11.19,11.19.3989466+branch.releases-11-19.content.release,missfortune,P,Characters/MissFortune/Spells/MissFortunePassive,keyTooltipExtended,en_us,Spell_MissFortunePassive_TooltipExtended,excluded,not_text_vs_data,Deals @MinionDamage@ damage to minions. (extended text),MinionDamage = TotalDamage x 0.5; EnableExtendedTooltip=false through 11.19,11.20: EnableExtendedTooltip flag removed; text unchanged,"A display flag: EnableExtendedTooltip false hid the extended text, which already stated the minion damage; the fix removed the flag and left the text unchanged."
11.18-singed-W,257,11.18,11.17,11.17.3944489+branch.releases-11-17.content.release,singed,W,Characters/Singed/Spells/MegaAdhesive,keyTooltip,en_us,Spell_MegaAdhesive_Tooltip,excluded,not_visible_in_files,Slowing and Grounding enemies in the area for @Effect2Amount@ seconds (no slow strength),"Effect1Amount = 60 at all ranks, unnamed and unused",11.18 adds 'by @Effect1Amount@%' (60),An omitted slow strength whose value has no name: Effect1Amount 60 is unused and is tied to the slow only by matching the fix.
11.18-lucian-R,258,11.18,11.17,11.17.3944489+branch.releases-11-17.content.release,lucian,R,Characters/Lucian/Spells/LucianRAbility/LucianR,keyTooltipExtendedBelowLine,en_us,Spell_LucianR_TooltipExtendedBelowLine,confirmed,wording,Deals @PercentDamageAmpToMinions@% damage to non-champions.,PercentDamageAmpToMinions = 200; no target filter field,11.18: 'non-champions' -> 'minions'; data unchanged,"Riot words this as a fix. The text says non-champions while the value's own name, PercentDamageAmpToMinions, says minions, and a value's own name shows what it applies to."
11.18-ekko-P,259,11.18,11.17,11.17.3944489+branch.releases-11-17.content.release,ekko,P,Characters/Ekko/Spells/EkkoPassive,keyTooltipExtended,en_us,Spell_EkkoPassive_TooltipExtended,not_confirmed,wording,This effect deals @f5@% damage to monsters.,f5 is a script variable; no monster term in the calcs,no change seen in 11.18,The text already states the monster damage; nothing changed.
11.18-soraka-E,260,11.18,11.17,11.17.3944489+branch.releases-11-17.content.release,soraka,E,Characters/Soraka/Spells/SorakaE,keyTooltip,en_us,Spell_SorakaE_Tooltip,excluded,not_visible_in_files,creates a starfield that deals @TotalDamage@ magic damage,TotalDamage = BaseDamage + 0.4 AP; no champion-only field,11.18 adds 'to champions'; data unchanged,Which units take damage is decided in scripts.
11.17-lillia-W,261,11.17,11.16,11.16.3901945+branch.releases-11-16.content.release,lillia,W,Characters/Lillia/Spells/LilliaWAbility/LilliaW,keyTooltipExtendedBelowLine,en_us,Spell_LilliaW_TooltipExtendedBelowLine,confirmed,wording,Lillia does not dash over terrain with this ability. (no minion line),MinionDamageMod = 0.5 at all ranks,11.17 adds 'Deals 50% less damage to minions.' (typed 50),An omitted effect whose value is named in the data: MinionDamageMod 0.5.
11.17-caitlyn-R,262,11.17,11.16,11.16.3901945+branch.releases-11-16.content.release,caitlyn,R,Characters/Caitlyn/Spells/CaitlynAceintheHole,keyTooltip,en_us,Spell_CaitlynAceintheHole_Tooltip,excluded,not_text_vs_data,dealing @RTotalDamage@ physical damage (300/525/750 (+200% bonus AD)),RTotalDamage = RBaseDamage + 2.0 bonus AD; calc has display fields {cbcac618}/{37070a8d} = 6 (simple/expanded display),11.17: those display fields removed from RTotalDamage; text unchanged,"A display flag: the fix removed RTotalDamage's display fields, which change how the calculation is shown; the text and its values already agree."
11.17-nunu-E-r264,264,11.17,11.16,11.16.3901945+branch.releases-11-16.content.release,nunu,E,Characters/Nunu/Spells/NunuEAbility/NunuE,keyTooltip,en_us,Spell_NunuE_Tooltip,excluded,not_text_vs_data,,,11.17 adds a NunuESnowballBurstFire record,Tooltip missing on hover mid-cast: a display problem.
11.17-nunu-E-r265,265,11.17,11.16,11.16.3901945+branch.releases-11-16.content.release,nunu,E,Characters/Nunu/Spells/NunuEAbility/NunuE,keyTooltip,en_us,Spell_NunuE_Tooltip,excluded,not_visible_in_files,dealing a total of @TotalSnowballDamage@ magic damage,TotalSnowballDamage = BaseDamage 16-48 + 0.10 AP; no per-snowball marker,11.17 adds 'per snowball'; data unchanged,Per-snowball vs total is decided in scripts.
11.16-maokai-P,268,11.16,11.15,11.15.3892308+branch.releases-11-15.content.release,maokai,P,Characters/Maokai/Spells/MaokaiPassive,keyTooltip,en_us,Spell_MaokaiPassive_Tooltip,excluded,not_text_vs_data,Maokai's Attacks restore @PassiveHealingTotal@ Health,PassiveHealingTotal tooltip-only (6% max health with breakpoints); unused hashed calcs 5-65 and 5-13% match the bugged in-game values,11.16: hashed calcs removed; tooltip calc becomes live with a buff,"A tooltip_calc pattern is visible, but the game was changed to match the intended tooltip."
11.15-rumble-P,270,11.15,11.14,11.14.3859967+branch.releases-11-14.content.release,rumble,P,Characters/Rumble/Spells/RumbleHeatSystem,keyTooltip,en_us,Spell_RumbleHeatSystem_Tooltip,excluded,not_visible_in_files,overheats for @OverheatDuration@ seconds (6),OverheatDuration 6.0; no 5.25 in the file,11.15: OverheatDuration 6.0 -> 5.25; text unchanged,Text and data agree; the real 5.25 s lived in scripts.
11.14-none-any,272,11.14,11.13,11.13.3821241+branch.releases-11-13.content.release,,,,,,,excluded,not_champion_ability,,,not checked,Champion Mastery tooltip memory leak.
11.13-gnar-P,273,11.13,11.12,11.12.3794946+branch.releases-11-12.content.release,gnar,P,Characters/Gnar/Spells/GnarPassive,keyTooltip,en_us,Spell_GnarPassive_Tooltip,excluded,not_text_vs_data,Mega Gnar: Gain ... @TotalMegaGnarAD@ Attack Damage,TotalMegaGnarAD 6 to 48.5,no change seen,The game's Mega Gnar AD was fixed to match a correct tooltip.
11.11-none-any,275,11.11,11.10,11.10.3764811+branch.releases-11-10.content.release,,,,,,,excluded,not_champion_ability,,,not checked,Warden's Mail is an item; live counter.
11.8-corki-E,280,11.8,11.7,11.7.3667612+branch.releases-11-7.content.release,corki,E,Characters/Corki/Spells/GGun,keyTooltip,en_us,Spell_GGun_Tooltip,confirmed,tooltip_calc,@TotalDamage@ physical damage and @DamagePerSecond@ magic damage (120-320 next to 15-40),damage split 0.5/0.5: physical 15-40 (+20% bonus AD) per second; TotalDamage (tooltip-only) is the 4 s total of both types,11.8: physical slot uses PhysicalDamagePerSecond 15-40,"The physical placeholder points at a tooltip-only total, 8x the per-second share. 11.7 champion files came from a scratch download of the same build (repo 11.7 folder has none)."
11.8-orianna-E,281,11.8,11.7,11.7.3667612+branch.releases-11-7.content.release,orianna,E,Characters/Orianna/Spells/OrianaRedactCommand,keyTooltip,en_us,Spell_OrianaRedactCommand_Tooltip,confirmed,tooltip_calc,"@TotalShieldTooltip@ Shield ... @TotalDamageTooltip@ magic damage (shield 60-180, damage 60-220)","TotalShieldTooltip uses Effect3, TotalDamageTooltip Effect1; LevelUp list labels Effect1 ShieldAmount and Effect3 Damage",11.8: the calcs swap effect indexes; values unchanged,"The placeholders point at the wrong values: TotalShieldTooltip uses Effect3 and TotalDamageTooltip uses Effect1, while the spell's own level-up list labels Effect1 ShieldAmount and Effect3 Damage, which is enough to show them. 11.7 champion files from a scratch download of the same build (repo 11.7 folder has none)."
11.7-akali-E,282,11.7,11.6,11.6.3651420+branch.releases-11-6.content.release,akali,E,Characters/Akali/Spells/AkaliE,keyTooltip,en_us,Spell_AkaliE_TooltipSimple,excluded,not_text_vs_data,dealing @E1Damage@ magic damage ... @E2DamageCalc@,placeholders only,no change seen,Numbers not updating when items change in play: a live display bug.
11.7-morgana-P,286,11.7,11.6,11.6.3651420+branch.releases-11-6.content.release,morgana,P,Characters/Morgana/Spells/MorganaPassive,keyTooltip,en_us,Spell_MorganaPassive_Tooltip,excluded,not_text_vs_data,"Heals for @HealPercent@% ... champions, large minions, and jungle monsters",HealPercent 20; which monsters count is scripted,no change seen,The game was changed to match a correct tooltip.
11.6-none-any,287,11.6,11.5,11.5.3613108+branch.releases-11-5.content.release,,,,,,,excluded,not_champion_ability,,,not checked,Client Missions tooltip images.
11.5-none-any,289,11.5,11.4,11.4.3600513+branch.releases-11-4.content.release,,,,,,,excluded,not_champion_ability,,,not checked,Muramana Shock is an item.
11.4-katarina-R,290,11.4,11.3,11.3.3575376+branch.releases-11-3.content.release,katarina,R,Characters/Katarina/Spells/KatarinaR,keyTooltipExtendedBelowLine,en_us,Spell_KatarinaR_TooltipExtendedBelowLine,excluded,not_visible_in_files,applies On-Hit effects at @OnHitRatio*100@% damage,OnHitRatio 0.25; no field says whether on-attack effects apply,11.4: 'On-Hit and On-Attack'; OnHitRatio 25/30/35 (balance),Clarification of script behavior.
11.2-ivern-E,291,11.2,11.1,11.1.3525559+branch.releases-11-1.content.release,ivern,E,Characters/Ivern/Spells/IvernE,keyTooltip,en_us,Spell_IvernE_Tooltip,excluded,not_text_vs_data,absorbing up to @Effect1Amount@ (+@f3@) damage,AP part is script variable f3; mCoefficient 0.9 / 0.8 unchanged,11.2: TotalShield calc with ShieldAPRatio 0.8,The game was changed to match a correct tooltip.
11.1-yasuo-P,293,11.1,10.25,10.25.3501724+branch.releases-10-25.content.release,yasuo,P,Characters/Yasuo/Spells/YasuoPassive,keyTooltip,en_us,Spell_YasuoPassive_Tooltip,not_confirmed,wording,Critical Strike Chance above 100% is converted into Bonus AD (no ratio),YasuoCritToAD 50; nothing contradicts the text,11.1: ratio added; YasuoCritToAD 40 and CritChanceMultiplier 1.5 (balance),"Not a stated bug: the line is designer context, and its tooltip part is worded as a clarification ('clarifying the excess crit strike chance to bonus AD conversion tooltip'). No mismatch in 10.25 either."
11.1-yone-P,293,11.1,10.25,10.25.3501724+branch.releases-10-25.content.release,yone,P,Characters/Yone/Spells/YonePassive,keyTooltip,en_us,Spell_YonePassive_Tooltip,not_confirmed,wording,Critical Strike Chance is increased by @YoneCritTooltip@% ... converted into Bonus AD,"YoneCritTooltip 100, YoneReductionTooltip 10; no ratio shown",11.1: ratio added (balance change too),"Not a stated bug: the line is designer context, and its tooltip part is worded as a clarification ('clarifying the excess crit strike chance to bonus AD conversion tooltip'). The line names Yone's passive too, so it is its own unit."
11.1-none-any,294,11.1,10.25,10.25.3501724+branch.releases-10-25.content.release,,,,,,,excluded,not_champion_ability,,,not checked,In-game chat text editing.
10.25-warwick-P-r295,295,10.25,10.24,10.24.3458390+branch.releases-10-24.content.release,warwick,P,Characters/Warwick/Spells/WarwickP,keyTooltip,en_us,Spell_WarwickP_Tooltip,excluded,same_bug_as_other_row,"below 25% health, he restores @OnHitDamageEmpowered@ Health (3x on-hit damage)","OnHitDamageEmpowered multiplier 3.0; WarwickPSpellInfo Effect4 = 2.5, named EmpoweredHealingRatio in 10.25",10.25: heal shown as @EmpoweredHealingRatio*100@% (250); damage buff,Same 300% vs 250% heal bug and same fix as row 296.
10.25-warwick-P-r296,296,10.25,10.24,10.24.3458390+branch.releases-10-24.content.release,warwick,P,Characters/Warwick/Spells/WarwickP,keyTooltip,en_us,Spell_WarwickP_Tooltip,excluded,not_visible_in_files,"below 25% health, he restores @OnHitDamageEmpowered@ Health (24-126, 300%)",OnHitDamageEmpowered = OnHitDamage x 3.0; WarwickPSpellInfo Effect4 2.5 has no name or level-up label in 10.24 (named EmpoweredHealingRatio only in 10.25),10.25: 3.0 calc removed; text shows @EmpoweredHealingRatio*100@% = 250,"The 300% heal could only be shown wrong by the 2.5, and in 10.24 that value has no name and no level-up label, and no 10.24 tooltip text fills a placeholder with it (WarwickPSpellInfo has no tooltip). Its meaning comes only from 10.25's EmpoweredHealingRatio. 8-42 vs 10-44 damage and attempted vs dealt are not in the files either."
10.25-none-any-r297,297,10.25,10.24,10.24.3458390+branch.releases-10-24.content.release,,,,,,,excluded,not_champion_ability,,,not checked,Champ select skin-purchase tooltip.
10.25-none-any-r298,298,10.25,10.24,10.24.3458390+branch.releases-10-24.content.release,,,,,,,excluded,not_champion_ability,,,not checked,Item tooltips in Match History; items are out of scope.
10.24-varus-Q,299,10.24,10.23,10.23.3432581+branch.releases-10-23.content.release,varus,Q,Characters/Varus/Spells/VarusQ,keyTooltip,en_us,Spell_VarusQ_Tooltip,excluded,not_text_vs_data,cooldown is reduced by @f1@ seconds if the arrow detonates Blight,text matches the 10.23 design,10.24: Q rewritten in a gameplay update,"Part of the 10.24 Varus gameplay update, not a fix."
10.24-varus-R,299,10.24,10.23,10.23.3432581+branch.releases-10-23.content.release,varus,R,Characters/Varus/Spells/VarusR,keyTooltip,en_us,Spell_VarusR_Tooltip,excluded,not_text_vs_data,@Effect1Amount@ (+@CharAbilityPower@) magic damage ... @Effect2Amount@ seconds,"150/200/250 +100% AP, 2 s; agrees",10.24: reworded,Rewording with a rework; the quote does not mention R.
10.24-varus-W,299,10.24,10.23,10.23.3432581+branch.releases-10-23.content.release,varus,W,Characters/Varus/Spells/VarusW,keyTooltip,en_us,Spell_VarusW_Tooltip,excluded,not_text_vs_data,@Effect2Amount*100@% (+@CharAbilityPower2@%) of max Health per stack,"Effect2 3-5%, +2% AP; agrees",10.24: W rewritten,"Gameplay rework; the quote names only Q, so this unit comes from the slot field."
10.24-none-any-r300,300,10.24,10.23,10.23.3432581+branch.releases-10-23.content.release,,,,,,,excluded,not_champion_ability,,,not checked,Client layout hiding summoner spell descriptions.
10.24-none-any-r301,301,10.24,10.23,10.23.3432581+branch.releases-10-23.content.release,,,,,,,excluded,not_champion_ability,,,not checked,Champion select skin-purchase tooltip.
10.23-ashe-P,304,10.23,10.22,10.22.3410643+branch.releases-10-22.content.release,ashe,P,Characters/Ashe/Spells/AshePassive,keyTooltip,en_us,Spell_AshePassive_Tooltip,excluded,not_text_vs_data,Attacks ... deal @DamageBonus@ damage,DamageBonus 10% + crit scaling; nothing about Rageblade,10.23: formula reworked; text unchanged,Mid-patch gameplay change (Rageblade exception) with the tooltip lagging; the folder predates it and the exception lives in scripts.
10.23-sona-E,305,10.23,10.22,10.22.3410643+branch.releases-10-22.content.release,sona,E,Characters/Sona/Spells/SonaE,keyTooltip,en_us,Spell_SonaE_Tooltip,confirmed,tooltip_calc,grants allied champions @TotalMSTT@ Move Speed (20% (+2% per 100 AP)),"TotalMSTT = Effect1 0.20 (+2% per 100 AP); Effect4 10-14% at ranks 1-5, labeled Spell_ListType_MovementSpeed in the LevelUp list",10.23: new calc AllyMS on Effect4; ally clause uses it,"The files show a Movement Speed value, labeled in SonaE's own 10.22 level-up list, that changes by rank (Effect4, 10-14%), while the ally clause shows a flat 20% (TotalMSTT). That mismatch is visible in the files. Which clause was wrong comes from the fix, which adds AllyMS on Effect4 for the ally clause; a placeholder pointing at the wrong value is a tooltip calculation bug."
10.23-kindred-P,306,10.23,10.22,10.22.3410643+branch.releases-10-22.content.release,kindred,P,Characters/Kindred/Spells/KindredPassiveManager,keyTooltip,en_us,Spell_KindredPassiveManager_Tooltip,excluded,not_text_vs_data,Attack Range bonus = @f3@ ... (f2-f9),all placeholders are run-time script variables,no change seen,Zeroes in place of run-time variables are a live display problem.
10.21-nami-W,307,10.21,10.20,10.20.3380336+branch.releases-10-20.content.release,nami,W,Characters/Nami/Spells/NamiW,keyTooltip,en_us,Spell_NamiW_Tooltip,confirmed,tooltip_calc,Deals @TotalDamageTooltip@ magic damage (70-230 (+150% AP)),TotalDamageTooltip coefficient 1.5; spell mCoefficient 0.5,10.21: calc coefficient 1.5 -> 0.5; text unchanged,The placeholder's calc uses 1.5 AP while the spell's own coefficient is 0.5; both in the 10.20 data.
10.20-vladimir-Q,308,10.20,10.19,10.19.3364199+branch.releases-10-19.content.release,vladimir,Q,Characters/Vladimir/Spells/VladimirQ,keyTooltip (fix adds keyTooltipExtendedBelowLine),en_us,Spell_VladimirQ_TooltipExtendedBelowLine,excluded,not_visible_in_files,keyTooltip says nothing about reduced healing against minions,"Effect9Amount = 35 at all ranks, used by no placeholder or calc",10.20 adds 'Empowered healing reduced to 35% against minions.' (typed 35); Effect9 unchanged,An omitted effect whose value has no name: Effect9Amount 35 is tied to minions only by matching the number in the fix.
10.20-evelynn-P,309,10.20,10.19,10.19.3364199+branch.releases-10-19.content.release,evelynn,P,Characters/Evelynn/Spells/EvelynnPassive,keyTooltip,en_us,Spell_EvelynnPassive_Tooltip,excluded,not_visible_in_files,removes Demon Shade for @StealthDropTimer@ seconds (2),"StealthDropTimer 2.0, tooltip-only; no 1.5 anywhere in the passive",10.20: StealthDropTimer 2.0 -> 1.5; text unchanged,Text agrees with its tooltip-only value; the real 1.5 s lived in scripts.
10.19-reksai-W,310,10.19,10.18,10.18.3338889+branch.releases-10-18.content.release,reksai,W,Characters/RekSai/Spells/RekSaiW,keyTooltip,en_us,Spell_RekSaiW_Tooltip,excluded,not_text_vs_data,+@f1@ Movement Speed,f1 is a run-time script variable,no change seen,The game was fixed to match a correct tooltip; the value is a run-time script variable (@f1@).
10.18-shyvana-E,312,10.18,10.16,10.16.3309186+branch.releases-10-16.content.release,shyvana,E,Characters/Shyvana/Spells/ShyvanaFireball,keyTooltip,en_us,Spell_ShyvanaFireball_Tooltip,excluded,not_text_vs_data,scorching the earth for 4 seconds (no radius),GroundMarkRadius 200-320 by rank,10.18: GroundMarkRadius flat 345; text unchanged,Designer context for a radius balance change; the text states no radius. Side find: text types 'for 4 seconds' while GroundMarkDuration = 4.5 (see row 114).
10.18-none-any-r313,313,10.18,10.16,10.16.3309186+branch.releases-10-16.content.release,,,,,,,excluded,not_champion_ability,,,not checked,Patcher notification translation: client UI.
10.18-none-any-r314,314,10.18,10.16,10.16.3309186+branch.releases-10-16.content.release,,,,,,,excluded,not_champion_ability,,,not checked,Clash hub tooltips: client UI.
10.18-none-any-r315,315,10.18,10.16,10.16.3309186+branch.releases-10-16.content.release,,,,,,,excluded,not_champion_ability,,,not checked,Tooltip colour restyle: UI style.
10.16-none-any,316,10.16,10.15,10.15.3300344+branch.releases-10-15.content.release,,,,,,,excluded,not_champion_ability,,,not checked,Client Item Sets item tooltips.
10.14-karthus-E,317,10.14,10.13,10.13.3264870+branch.releases-10-13.content.release,karthus,E,Characters/Karthus/Spells/KarthusDefile,keyTooltip,en_us,Spell_KarthusDefile_Tooltip,excluded,level_up_list_only,Toggle On: Drains @Cost@ Mana to deal ... each second,@Cost@ resolves to 30/42/54/66/78,10.14: level-up rows add a cost row; keyTooltip only renames Toggle Off/On,The fix only added a cost row to the level-up list; the main text already gives the cost.
10.14-none-any,318,10.14,10.13,10.13.3264870+branch.releases-10-13.content.release,,,,,,,excluded,not_champion_ability,,,not checked,"Generic UI message for unlearned abilities, and about a tooltip state not showing."
10.14-aphelios-R,319,10.14,10.13,10.13.3264870+branch.releases-10-13.content.release,aphelios,R,Characters/Aphelios/Spells/ApheliosR,keyTooltip,en_us,Spell_ApheliosR_Tooltip,excluded,not_text_vs_data,,,no change seen,The game's damage was fixed to match a correct tooltip.
10.13-nocturne-Q,320,10.13,10.12,10.12.3256222+branch.releases-10-12.content.release,nocturne,Q,Characters/Nocturne/Spells/NocturneDuskbringer,keyTooltip,en_us,Spell_NocturneQ_Tooltip,excluded,not_text_vs_data,,,no change seen,Gameplay and visual bug with the Dusk Trail after death.
10.13-sion-W,322,10.13,10.12,10.12.3256222+branch.releases-10-12.content.release,sion,W,Characters/Sion/Spells/SionWDetonate,keyTooltip,en_us,Spell_SionWDetonate_Tooltip,confirmed,tooltip_calc,Sion gains @Effect5Amount@ maximum Health ... (@Effect6Amount@ for champion kills ...) (3 / 10),"SionWDetonate Effect5 3, Effect6 10; SionW Effect5 4, Effect6 15, which SionW's own 10.12 keyTooltip fills into the same sentence",10.13: SionWDetonate Effect5/6 -> 4/15; text unchanged,"SionW's own 10.12 keyTooltip says 'Sion gains @Effect5Amount@ maximum Health when he kills a unit (@Effect6Amount@ for champion kills...)', which identifies SionW's Effect5 4 and Effect6 15 as the passive's Health gains. The recast tooltip's same sentence reads its own Effect5 and Effect6, 3 and 10, so the folder shows the disagreement. Record slot is 'other', so a search by slot W alone misses it."
10.13-fiddlesticks-E,323,10.13,10.12,10.12.3256222+branch.releases-10-12.content.release,fiddlesticks,E,{5fb396a8},keyTooltip,en_us,Spell_FiddleSticksE_Tooltip,excluded,level_up_list_only,dealing @Damage@ magic damage ... slowing ... by @SlowAmount*-100@%; no mana claim,mana 40-65 by rank; LevelUp list has no Cost element,10.13: Cost row added to the LevelUp list; keyTooltip and mana unchanged,The fix only added a missing mana-cost row to the level-up list; no checked text makes a mana claim.
10.12-hecarim-Q,324,10.12,10.11,10.10.3203039+branch.releases-10-10.content.release,hecarim,Q,Characters/Hecarim/Spells/HecarimRapidSlash,keyTooltip,en_us,Spell_HecarimRapidSlash_Tooltip,excluded,not_text_vs_data,,,no change seen,"Collection tab text, which the plan excludes."
10.12-swain-R,325,10.12,10.11,10.10.3203039+branch.releases-10-10.content.release,swain,R,Characters/Swain/Spells/SwainRAbility/SwainR,keyTooltip,en_us,Spell_SwainR_Tooltip,excluded,not_text_vs_data,,,no change seen,"Collection tab text, which the plan excludes."
10.12-none-any,326,10.12,10.11,10.10.3203039+branch.releases-10-10.content.release,,,,,,,excluded,not_champion_ability,,,not checked,Cloud Soul is a dragon soul buff.
10.12-rengar-P,327,10.12,10.11,10.10.3203039+branch.releases-10-10.content.release,rengar,P,Characters/Rengar/Spells/RengarPassive,passiveToolTip,en_us,game_character_passiveDescription_Rengar,excluded,not_text_vs_data,,,no change seen,Death Recap showed no name or description: a display bug.
10.12-bard-P,328,10.12,10.11,10.10.3203039+branch.releases-10-10.content.release,bard,P,Characters/bard (passive with no spell),passiveToolTip,en_us,game_character_passiveDescription_Bard,excluded,not_text_vs_data,,,no change seen,Death Recap showed no name or description: a display bug.
10.12-kogmaw-Q,329,10.12,10.11,10.10.3203039+branch.releases-10-10.content.release,kogmaw,Q,Characters/KogMaw/Spells/KogMawQ,keyTooltip,en_us,Spell_KogMawQ_Tooltip,not_confirmed,wording,Passive @Effect2Amount*100@% attack speed; @Effect1Amount@ (+@CharAbilityPower@) magic damage; shred @Effect3Amount@%,"Effect1 90-290, Effect2 0.15-0.35, Effect3 20-28, Effect4 4, mCoefficient 0.5; all agree",no change seen in 10.11 to 10.14 (10.13 AP ratio 0.5 -> 0.7 is balance),The note names no specific error and nothing changes around the fix. Checked folder 10.11 holds build 10.10.
10.12-sion-Q,330,10.12,10.11,10.10.3203039+branch.releases-10-10.content.release,sion,Q,Characters/Sion/Spells/SionQ,level-up list label (not a checked field),en_us,SpellListType_AttackDamageRatio,excluded,level_up_list_only,level-up row label 'Attack Speed' for @Effect3AmountN*100@%; keyTooltip has no attack speed claim,Effect3Amount 0.45-0.75 is an AD ratio; Sion Q gives no attack speed,10.12: shared label reads 'Attack Damage Ratio'; keyTooltip and data unchanged,The wrong 'Attack Speed' label is in the shared level-up list only; keyTooltip makes no attack speed claim and did not change. Checked folder 10.11 holds build 10.10.
10.12-riven-Q,331,10.12,10.11,10.10.3203039+branch.releases-10-10.content.release,riven,Q,Characters/Riven/Spells/RivenTriCleave,level-up list label (not a checked field),en_us,SpellListType_AttackDamageRatio,excluded,level_up_list_only,"level-up rows 'Damage<br>Attack Speed', row 2 = @Effect5AmountN@%",Effect5Amount 45/50/55/60/65 is an AD ratio for the damage,10.12: rows read 'Damage<br>Attack Damage Ratio'; keyTooltip and data unchanged,"Same shared level-up label as row 330, own unit for a different champion; keyTooltip makes no attack speed claim and did not change."
10.9-none-any,332,10.9,10.8,10.8.3167615+branch.releases-10-8.content.release,,,,,,,excluded,not_champion_ability,,,not checked,"Essence Emporium store boxes, not a champion ability."
10.8-urgot-E,333,10.8,10.7,10.7.3149802+branch.releases-10-7.content.release,urgot,E,Characters/Urgot/Spells/UrgotE,keyTooltip,en_us,Spell_UrgotE_Tooltip,excluded,not_visible_in_files,stunning them for @StunDuration@ second (1),StunDuration = 1.0 at all ranks; the 1.5 s total CC is in no data value,10.8: StunDuration 1.0 -> 1.5; text unchanged,Text and data agree in 10.7. The real CC length (stun plus fling) lived in scripts.
